{"eval/loss": 0.7815144658088684, "eval/rouge1": 0.08050292040835227, "eval/rouge2": 0.0503276868306652, "eval/rougeL": 0.08005201455587252, "eval/rougeLsum": 0.08019585389665249, "eval/runtime": 53.7914, "eval/samples_per_second": 2.38, "eval/steps_per_second": 1.19, "train/epoch": 50.0, "train/global_step": 18150, "_timestamp": 1722934636.2797432, "_runtime": 12179.830844163895, "_step": 86, "train/loss": 0.4787, "train/grad_norm": 86153.75, "train/learning_rate": 4.155124653739613e-06, "train_runtime": 12180.9793, "train_samples_per_second": 2.976, "train_steps_per_second": 1.49, "total_flos": 3.097517272261632e+16, "train_loss": 0.6138831339854511, "_wandb": {"runtime": 12179}}